"Index","EA.Open","EA.High","EA.Low","EA.Close","EA.Volume","EA.Adjusted"
"2020-01-02",107.940002441406,108.349998474121,106.76000213623,107.339996337891,1901000,105.883995056152
"2020-01-03",105.580001831055,107.75,105.120002746582,107.199996948242,1840300,105.745918273926
"2020-01-06",106.949996948242,109.309997558594,106.629997253418,108.779998779297,2934200,107.304473876953
"2020-01-07",109,109.25,107.730003356934,108.389999389648,1692400,106.919776916504
"2020-01-08",108.180000305176,110,107.779998779297,109.48999786377,2651600,108.004837036133
"2020-01-09",110,110.339996337891,108.269996643066,109.360000610352,1818600,107.876617431641
"2020-01-10",109.199996948242,109.269996643066,108.199996948242,108.589996337891,1756000,107.117050170898
"2020-01-13",109.050003051758,110.069999694824,108.620002746582,109.819999694824,1857400,108.330375671387
"2020-01-14",109.660003662109,110.169998168945,108.709999084473,109.580001831055,1723400,108.093627929688
"2020-01-15",109.790000915527,110.449996948242,109.139999389648,109.610000610352,1479100,108.12321472168
"2020-01-16",110,111.290000915527,109.949996948242,111.26000213623,2108300,109.750854492188
"2020-01-17",112.370002746582,112.98999786377,111.550003051758,112.930000305176,3053300,111.398193359375
"2020-01-21",112.550003051758,112.970001220703,111.769996643066,112.410003662109,2165000,110.885246276855
"2020-01-22",112.769996643066,114.040000915527,112.680000305176,113.089996337891,2423100,111.556015014648
"2020-01-23",112.919998168945,113.730003356934,112,113.480003356934,1564900,111.940719604492
"2020-01-24",114.019996643066,114.129997253418,111.629997253418,112.330001831055,2304000,110.806327819824
"2020-01-27",110.23999786377,111.190002441406,109.949996948242,110.559997558594,2175500,109.060325622559
"2020-01-28",111.290000915527,112.879997253418,111.059997558594,111.900001525879,2961900,110.382164001465
"2020-01-29",112.51000213623,112.959999084473,111.23999786377,112.209999084473,2463900,110.687942504883
"2020-01-30",111.430000305176,111.889999389648,110.309997558594,111.639999389648,3838500,110.125686645508
"2020-01-31",110.75,110.75,105.5,107.919998168945,6995800,106.456153869629
"2020-02-03",107.930000305176,109.449996948242,104.400001525879,105.040000915527,4155500,103.615203857422
"2020-02-04",106.440002441406,107.419998168945,105.330001831055,107.069999694824,4190500,105.617668151855
"2020-02-05",108.620002746582,108.959999084473,107.120002746582,107.819999694824,2895700,106.357498168945
"2020-02-06",108.800003051758,110.349998474121,108.410003662109,110,2500600,108.507934570312
"2020-02-07",109.169998168945,110.959999084473,108.73999786377,109.089996337891,2231300,107.610275268555
"2020-02-10",109.019996643066,109.76000213623,108.230003356934,108.699996948242,2170800,107.225547790527
"2020-02-11",108.949996948242,109.230003356934,107.940002441406,109.040000915527,1195300,107.56095123291
"2020-02-12",109.669998168945,109.980003356934,108.589996337891,109.720001220703,1567200,108.231719970703
"2020-02-13",109.150001525879,109.339996337891,107.970001220703,108.839996337891,1627000,107.363677978516
"2020-02-14",108.900001525879,109.889999389648,108.75,109.690002441406,1227500,108.202140808105
"2020-02-18",109.089996337891,109.830001831055,108.699996948242,109.459999084473,2171400,107.975257873535
"2020-02-19",110.099998474121,110.900001525879,109.400001525879,109.779998779297,1540000,108.290916442871
"2020-02-20",108.720001220703,109.370002746582,107.449996948242,109.199996948242,4034000,107.718780517578
"2020-02-21",108.48999786377,108.940002441406,106.800003051758,108.01000213623,2546900,106.544937133789
"2020-02-24",105.050003051758,107.930000305176,105.019996643066,107.029998779297,2817100,105.57820892334
"2020-02-25",107.720001220703,109.220001220703,105.23999786377,105.379997253418,3651300,103.950592041016
"2020-02-26",106.360000610352,108.26000213623,105.599998474121,106.540000915527,2858000,105.094863891602
"2020-02-27",104.349998474121,106.400001525879,102.720001220703,102.73999786377,4906200,101.346405029297
"2020-02-28",100.290000915527,101.889999389648,98.5899963378906,101.370002746582,6853700,99.994987487793
"2020-03-02",101.919998168945,106.930000305176,101.709999084473,106.889999389648,4291500,105.440124511719
"2020-03-03",106.730003356934,109.709999084473,105.379997253418,106.699996948242,3984800,105.25269317627
"2020-03-04",108.290000915527,111.940002441406,108.059997558594,111.830001831055,4289700,110.313102722168
"2020-03-05",109.48999786377,111.930000305176,109.110000610352,110.209999084473,3029900,108.715065002441
"2020-03-06",106.449996948242,108.76000213623,105,107.669998168945,3886200,106.209518432617
"2020-03-09",101.569999694824,104.180000305176,99.9100036621094,100.930000305176,4784300,99.5609664916992
"2020-03-10",101.400001525879,103.569999694824,96.6500015258789,103.379997253418,6525600,101.977722167969
"2020-03-11",101.610000610352,102.169998168945,98.3300018310547,101.180000305176,4906000,99.8075714111328
"2020-03-12",94.7900009155273,99.4199981689453,92.5500030517578,93.3499984741211,6288700,92.0837783813477
"2020-03-13",98.7399978637695,99.6100006103516,92.75,97.0599975585938,5842000,95.7434539794922
"2020-03-16",89.1900024414062,96.120002746582,85.6900024414062,88.6699981689453,6196600,87.4672622680664
"2020-03-17",91.5999984741211,98.1999969482422,87.1100006103516,95.4100036621094,6370100,94.1158294677734
"2020-03-18",91.5,97.6900024414062,85.9199981689453,90.2099990844727,7073400,88.9863662719727
"2020-03-19",90.9499969482422,93.9800033569336,86,90.0599975585938,6549700,88.8383941650391
"2020-03-20",92.2399978637695,94.370002746582,86.75,86.9400024414062,6174400,85.7607269287109
"2020-03-23",89.7300033569336,97.7200012207031,88.4300003051758,95.4700012207031,8149000,94.1750183105469
"2020-03-24",100,103.099998474121,90.8099975585938,94.3000030517578,5765200,93.0209121704102
"2020-03-25",93.5299987792969,94.1500015258789,89.4599990844727,89.6399993896484,5005600,88.4240951538086
"2020-03-26",90.4700012207031,99.5699996948242,90.0800018310547,99.1999969482422,5750300,97.8544158935547
"2020-03-27",96.5299987792969,99.6800003051758,94.629997253418,95.370002746582,4519800,94.0763702392578
"2020-03-30",96.7699966430664,99.2900009155273,96.1699981689453,97.6900024414062,3352700,96.3649215698242
"2020-03-31",97.7900009155273,101,96.620002746582,100.169998168945,3762300,98.8112640380859
"2020-04-01",98.379997253418,99.8399963378906,96.6999969482422,97.5299987792969,4056500,96.2070770263672
"2020-04-02",98.0999984741211,102.819999694824,97.5,102.290000915527,3793000,100.90251159668
"2020-04-03",102.809997558594,104.349998474121,100.790000915527,102.830001831055,4084300,101.435188293457
"2020-04-06",105.389999389648,107.5,104.550003051758,106.51000213623,4280200,105.065269470215
"2020-04-07",107.129997253418,107.459999084473,100.110000610352,106.319999694824,5496100,104.87784576416
"2020-04-08",106.949996948242,108.23999786377,105.25,106.800003051758,3199600,105.351341247559
"2020-04-09",106,109.379997253418,105.059997558594,105.800003051758,3717200,104.364898681641
"2020-04-13",105.650001525879,109.779998779297,104.650001525879,109.300003051758,2680800,107.817428588867
"2020-04-14",111.800003051758,113.019996643066,110,112.029998779297,2622800,110.510383605957
"2020-04-15",110.73999786377,114.470001220703,110.209999084473,113.51000213623,3100000,111.970314025879
"2020-04-16",114.75,118.690002441406,114.529998779297,118.099998474121,4020600,116.498069763184
"2020-04-17",116.709999084473,117,112.650001525879,115.150001525879,5032100,113.588073730469
"2020-04-20",114.839996337891,116.529998779297,113.919998168945,115.410003662109,2946100,113.844551086426
"2020-04-21",114.680000305176,116.199996948242,112.110000610352,113.269996643066,2483200,111.733573913574
"2020-04-22",114.360000610352,115.069999694824,111.180000305176,114.569999694824,2558900,113.015937805176
"2020-04-23",114.699996948242,116.629997253418,113.690002441406,114.459999084473,2737700,112.907440185547
"2020-04-24",115.669998168945,116.680000305176,114.089996337891,116.309997558594,1753800,114.73233795166
"2020-04-27",117.970001220703,118.470001220703,115.129997253418,116.019996643066,2352000,114.446258544922
"2020-04-28",116,116.48999786377,110.919998168945,111.349998474121,4647900,109.839622497559
"2020-04-29",111.870002746582,114.449996948242,110.860000610352,112.779998779297,3911900,111.250213623047
"2020-04-30",112.480003356934,114.48999786377,112.400001525879,114.26000213623,3506700,112.710144042969
"2020-05-01",113.129997253418,114.360000610352,112.059997558594,113.269996643066,2378600,111.733573913574
"2020-05-04",113.910003662109,117.559997558594,113.650001525879,116.830001831055,3284800,115.245292663574
"2020-05-05",118.319999694824,120.190002441406,116.300003051758,119.610000610352,5060600,117.987579345703
"2020-05-06",115,117.160003662109,111.830001831055,115.319999694824,6082900,113.755767822266
"2020-05-07",116.269996643066,116.940002441406,114.730003356934,116.800003051758,3579000,115.215705871582
"2020-05-08",116.25,117.519996643066,115.580001831055,116.620002746582,3597800,115.038146972656
"2020-05-11",116.930000305176,118.5,116.349998474121,117.370002746582,2899100,115.777961730957
"2020-05-12",117.680000305176,119.519996643066,116.290000915527,116.370002746582,2875700,114.791534423828
"2020-05-13",117.069999694824,119.160003662109,114.519996643066,116.900001525879,3079200,115.314323425293
"2020-05-14",116.5,117.26000213623,114.459999084473,117.120002746582,2802800,115.531349182129
"2020-05-15",116.220001220703,118.900001525879,116.110000610352,118.129997253418,3268100,116.527641296387
"2020-05-18",116.709999084473,117.919998168945,114.730003356934,117.120002746582,4335100,115.531349182129
"2020-05-19",116.769996643066,119.370002746582,116.720001220703,118.540000915527,2517900,116.932090759277
"2020-05-20",119.099998474121,121.76000213623,119.059997558594,119.550003051758,3530400,117.928382873535
"2020-05-21",119.879997253418,119.879997253418,117.199996948242,117.360000610352,2257100,115.768112182617
"2020-05-22",117.220001220703,120.01000213623,116.620002746582,119.819999694824,2287300,118.194732666016
"2020-05-26",120.440002441406,120.480003356934,116.190002441406,116.639999389648,3260800,115.05786895752
"2020-05-27",115.069999694824,117.76000213623,111.110000610352,117.379997253418,4978700,115.787818908691
"2020-05-28",117.98999786377,122.099998474121,116.769996643066,121.349998474121,4752400,119.703971862793
"2020-05-29",122.290000915527,123.139999389648,119.269996643066,122.879997253418,4571900,121.213226318359
"2020-06-01",123.279998779297,124.279998779297,122.370002746582,122.779998779297,2036400,121.11457824707
"2020-06-02",123.25,123.529998779297,120.680000305176,122.360000610352,2357800,120.700294494629
"2020-06-03",122.150001525879,122.150001525879,117.190002441406,117.930000305176,3813000,116.330352783203
"2020-06-04",117.480003356934,119.110000610352,116.050003051758,117.180000305176,2905300,115.590538024902
"2020-06-05",115.440002441406,119.199996948242,113.279998779297,118.319999694824,3355300,116.715065002441
"2020-06-08",116.5,119.580001831055,115.889999389648,119.51000213623,3500100,117.888938903809
"2020-06-09",120.099998474121,121.76000213623,118.540000915527,121.069999694824,2346000,119.427772521973
"2020-06-10",122.150001525879,125.660003662109,121.459999084473,124.809997558594,3956100,123.117034912109
"2020-06-11",124.660003662109,127.540000915527,121.940002441406,122.419998168945,3509300,120.759460449219
"2020-06-12",123.099998474121,124.76000213623,119.809997558594,121.970001220703,2525400,120.315559387207
"2020-06-15",122.900001525879,127.5,122.709999084473,126.519996643066,3882600,124.803840637207
"2020-06-16",127.139999389648,127.870002746582,125.059997558594,125.730003356934,2513800,124.024566650391
"2020-06-17",126.730003356934,129.009994506836,126.290000915527,128.110000610352,2173300,126.372276306152
"2020-06-18",128.100006103516,129.449996948242,128.100006103516,129.350006103516,2461100,127.595458984375
"2020-06-19",131.130004882812,131.240005493164,127.900001525879,130.190002441406,4239900,128.424087524414
"2020-06-22",131.020004272461,131.860000610352,128.800003051758,129.720001220703,2869200,127.960464477539
"2020-06-23",131.320007324219,133.600006103516,130.199996948242,130.600006103516,2553400,128.828521728516
"2020-06-24",130.550003051758,131.600006103516,128.649993896484,130.869995117188,2208900,129.094818115234
"2020-06-25",131.479995727539,131.889999389648,129.089996337891,130.740005493164,2174400,128.966613769531
"2020-06-26",130.919998168945,131.380004882812,128.089996337891,130.929992675781,4905100,129.154037475586
"2020-06-29",130.979995727539,132.369995117188,129.199996948242,130.690002441406,1679600,128.917282104492
"2020-06-30",132.610000610352,132.610000610352,130.699996948242,132.050003051758,2177400,130.258834838867
"2020-07-01",132.039993286133,135.520004272461,131.330001831055,135.220001220703,3026300,133.385848999023
"2020-07-02",136.419998168945,136.419998168945,133.470001220703,133.839996337891,1893300,132.024566650391
"2020-07-06",135.470001220703,136.520004272461,133.509994506836,134.270004272461,2322100,132.448715209961
"2020-07-07",133.869995117188,137.419998168945,133.800003051758,134.779998779297,1895900,132.951782226562
"2020-07-08",135.910003662109,136.339996337891,134.509994506836,135.610000610352,1866600,133.770568847656
"2020-07-09",136.360000610352,139.110000610352,136.059997558594,138.770004272461,2312100,136.887680053711
"2020-07-10",139.419998168945,141.25,138.289993286133,140.809997558594,2119800,138.900009155273
"2020-07-13",141.009994506836,141.580001831055,134.770004272461,135.309997558594,2570300,133.474609375
"2020-07-14",134.199996948242,138.789993286133,133.479995727539,138.529998779297,2409300,136.650924682617
"2020-07-15",137.979995727539,138.979995727539,135.839996337891,138.429992675781,2050900,136.552307128906
"2020-07-16",137.839996337891,138.360000610352,135.75,138.050003051758,1301700,136.177459716797
"2020-07-17",138.179992675781,138.729995727539,136.839996337891,138.309997558594,2040700,136.433929443359
"2020-07-20",139.429992675781,142.309997558594,138.75,141.529998779297,1589700,139.610260009766
"2020-07-21",141.559997558594,141.990005493164,138.889999389648,139.339996337891,1481400,137.449951171875
"2020-07-22",140.949996948242,140.949996948242,137.869995117188,138.300003051758,2057600,136.424102783203
"2020-07-23",139.300003051758,139.570007324219,134.729995727539,135.360000610352,1896400,133.523941040039
"2020-07-24",133.75,136.259994506836,132.720001220703,135.240005493164,1354100,133.405578613281
"2020-07-27",135.490005493164,137.139999389648,134.820007324219,136.160003662109,1819200,134.313079833984
"2020-07-28",135.419998168945,136.309997558594,134.389999389648,134.779998779297,1319800,132.951782226562
"2020-07-29",135.770004272461,136.509994506836,134.690002441406,135.929992675781,1532800,134.086196899414
"2020-07-30",135.699996948242,138.839996337891,135.25,138.589996337891,2717700,136.710113525391
"2020-07-31",142.039993286133,142.839996337891,137.100006103516,141.619995117188,4301200,139.699020385742
"2020-08-03",141.550003051758,143.429992675781,139.550003051758,142.360000610352,2233800,140.429000854492
"2020-08-04",143.240005493164,146.5,143.100006103516,146.320007324219,2680300,144.33528137207
"2020-08-05",145.820007324219,146.339996337891,143.259994506836,146.179992675781,1936900,144.197158813477
"2020-08-06",146.330001831055,147.360000610352,144.5,146.949996948242,1671700,144.95671081543
"2020-08-07",146.429992675781,146.839996337891,142.320007324219,143.990005493164,1514800,142.036880493164
"2020-08-10",142.770004272461,143.990005493164,139.5,140.699996948242,1378300,138.791519165039
"2020-08-11",141.149993896484,141.149993896484,135.559997558594,135.699996948242,2221700,133.859344482422
"2020-08-12",136.880004882812,140.300003051758,136.179992675781,139.899993896484,1714200,138.002365112305
"2020-08-13",141.119995117188,142.850006103516,140.580001831055,141.770004272461,1191200,139.846969604492
"2020-08-14",141.639999389648,142.009994506836,139.949996948242,140.429992675781,1904200,138.525161743164
"2020-08-17",139.25,140.970001220703,138.309997558594,140.449996948242,1481000,138.544876098633
"2020-08-18",140.600006103516,142.740005493164,140.160003662109,142.580001831055,1413900,140.646011352539
"2020-08-19",142.279998779297,143.619995117188,141.070007324219,141.860000610352,1816600,139.935745239258
"2020-08-20",141.619995117188,143.960006713867,141.050003051758,143.479995727539,1268100,141.533813476562
"2020-08-21",142.759994506836,142.990005493164,140.839996337891,141.210006713867,1940000,139.294586181641
"2020-08-24",142.270004272461,142.839996337891,141.210006713867,142.330001831055,1842600,140.399383544922
"2020-08-25",142.009994506836,142.399993896484,141,142.210006713867,857600,140.281066894531
"2020-08-26",142.059997558594,144.5,142.059997558594,143.630004882812,1580500,141.681762695312
"2020-08-27",143.380004882812,143.740005493164,139.850006103516,141.770004272461,1923000,139.846969604492
"2020-08-28",142.339996337891,142.339996337891,140.009994506836,140.869995117188,1553800,138.959213256836
"2020-08-31",141.080001831055,141.110000610352,138.089996337891,139.470001220703,2727200,137.578186035156
"2020-09-01",140.740005493164,140.740005493164,137.080001831055,138.289993286133,2710100,136.414199829102
"2020-09-02",138,140.300003051758,136.639999389648,139.559997558594,2337400,137.666961669922
"2020-09-03",138.240005493164,138.240005493164,131.220001220703,132.820007324219,3430500,131.018432617188
"2020-09-04",131.630004882812,132.649993896484,126.910003662109,130.130004882812,2429700,128.364883422852
"2020-09-08",127.459999084473,127.5,123.330001831055,124.300003051758,4622600,122.613952636719
"2020-09-09",126.540000915527,129.520004272461,124.889999389648,128.699996948242,2776500,126.954292297363
"2020-09-10",129.880004882812,131.130004882812,126.339996337891,127.26000213623,2460000,125.533813476562
"2020-09-11",127.98999786377,128.389999389648,124.400001525879,126.019996643066,1746600,124.31063079834
"2020-09-14",127.930000305176,128.009994506836,125.930000305176,126.180000305176,1376900,124.468452453613
"2020-09-15",127.98999786377,129.860000610352,127.5,128.330001831055,2129600,126.589309692383
"2020-09-16",128.990005493164,129.520004272461,126.470001220703,126.73999786377,1832200,125.020866394043
"2020-09-17",124.220001220703,126.540000915527,123.540000915527,125.26000213623,2151800,123.560943603516
"2020-09-18",125.48999786377,126.699996948242,123.370002746582,125.900001525879,3402700,124.192268371582
"2020-09-21",124.330001831055,128.470001220703,124.150001525879,128.289993286133,2017400,126.549827575684
"2020-09-22",129.839996337891,131.220001220703,128.460006713867,131.020004272461,2081900,129.242813110352
"2020-09-23",131.570007324219,132.320007324219,127.940002441406,128.419998168945,2444400,126.678077697754
"2020-09-24",128.210006713867,130.309997558594,128.089996337891,129.320007324219,2001500,127.565872192383
"2020-09-25",129.509994506836,132.009994506836,128.690002441406,131.190002441406,1915600,129.410491943359
"2020-09-28",133.360000610352,133.850006103516,130.869995117188,132.279998779297,1796500,130.485717773438
"2020-09-29",132.059997558594,132.429992675781,129.5,130.020004272461,1793500,128.256393432617
"2020-09-30",129.729995727539,131.990005493164,129.449996948242,130.410003662109,2164200,128.641067504883
"2020-10-01",132.070007324219,134.059997558594,131.460006713867,132.779998779297,1868800,130.978942871094
"2020-10-02",131.369995117188,132.240005493164,127.709999084473,129.070007324219,1751200,127.319259643555
"2020-10-05",130.089996337891,132.949996948242,129.070007324219,130.720001220703,1270100,128.946884155273
"2020-10-06",130.360000610352,130.399993896484,124.519996643066,124.839996337891,3753700,123.146629333496
"2020-10-07",126.410003662109,126.5,123.970001220703,125.01000213623,3257500,123.314331054688
"2020-10-08",126.099998474121,126.379997253418,124.419998168945,125.98999786377,1959600,124.281044006348
"2020-10-09",126.860000610352,128.440002441406,125.919998168945,127.449996948242,1991700,125.721237182617
"2020-10-12",128.979995727539,132.070007324219,127.830001831055,130.880004882812,2106600,129.104690551758
"2020-10-13",131.869995117188,133.539993286133,130.160003662109,132.940002441406,2117300,131.136764526367
"2020-10-14",133.789993286133,133.860000610352,131.740005493164,132.75,2520500,130.949340820312
"2020-10-15",131.070007324219,132.410003662109,129.880004882812,131.339996337891,1900100,129.558471679688
"2020-10-16",132.5,133.259994506836,131.050003051758,131.919998168945,1925000,130.130615234375
"2020-10-19",133.139999389648,133.889999389648,129.509994506836,129.869995117188,1454300,128.108413696289
"2020-10-20",130.419998168945,130.600006103516,127.089996337891,127.360000610352,2249200,125.632446289062
"2020-10-21",127.980003356934,129.449996948242,127.300003051758,127.650001525879,2200800,125.918518066406
"2020-10-22",127.779998779297,128.009994506836,125.400001525879,126.919998168945,1791800,125.198425292969
"2020-10-23",127.23999786377,127.650001525879,125.529998779297,126.769996643066,1215200,125.050437927246
"2020-10-26",126.410003662109,127.5,125.029998779297,126.680000305176,2166000,124.961669921875
"2020-10-27",127.360000610352,127.580001831055,126.099998474121,126.620002746582,1452800,124.90251159668
"2020-10-28",125.620002746582,127.069999694824,124.809997558594,125.599998474121,2079600,123.896331787109
"2020-10-29",125.790000915527,126.169998168945,122.769996643066,123.900001525879,2633500,122.219398498535
"2020-10-30",122.98999786377,124.089996337891,118.519996643066,119.830001831055,3312900,118.20458984375
"2020-11-02",120.940002441406,121.059997558594,117.790000915527,119.809997558594,2650000,118.184875488281
"2020-11-03",120.75,121.459999084473,119.400001525879,120.73999786377,2022200,119.102249145508
"2020-11-04",124.879997253418,126.980003356934,123.720001220703,125.309997558594,2594800,123.61026763916
"2020-11-05",128.880004882812,128.880004882812,126.279998779297,128.330001831055,3291700,126.589309692383
"2020-11-06",119.5,120.699996948242,114.529998779297,119.190002441406,12151100,117.573280334473
"2020-11-09",116.459999084473,121.300003051758,110.150001525879,116.970001220703,7097200,115.38338470459
"2020-11-10",116.98999786377,120.529998779297,114.779998779297,118.930000305176,4454200,117.316795349121
"2020-11-11",120.300003051758,120.639999389648,117.589996337891,119.779998779297,3572900,118.155265808105
"2020-11-12",120.930000305176,122.319999694824,118.970001220703,119.319999694824,2339800,117.701499938965
"2020-11-13",120.220001220703,121.459999084473,119.370002746582,120.800003051758,2110900,119.161437988281
"2020-11-16",119.25,120.709999084473,117.550003051758,118.599998474121,3069300,116.991279602051
"2020-11-17",119.330001831055,120.650001525879,118.050003051758,118.519996643066,2954200,116.91236114502
"2020-11-18",118.339996337891,118.580001831055,116.650001525879,116.839996337891,2509200,115.255142211914
"2020-11-19",116.73999786377,121.519996643066,116.410003662109,120.139999389648,2839200,118.510383605957
"2020-11-20",119.529998779297,123,119.099998474121,121.870002746582,3186800,120.216926574707
"2020-11-23",122.029998779297,123.389999389648,120.440002441406,121.860000610352,2085800,120.207061767578
"2020-11-24",121.48999786377,121.970001220703,119.73999786377,120.25,3471800,118.61888885498
"2020-11-25",120.809997558594,123.559997558594,120.599998474121,121.51000213623,2850900,119.861793518066
"2020-11-27",123.580001831055,125,122.410003662109,124.169998168945,2489400,122.485725402832
"2020-11-30",124.769996643066,128.399993896484,123.269996643066,127.75,10085200,126.017166137695
"2020-12-01",127.580001831055,128,125.660003662109,127.23999786377,2826200,125.681335449219
"2020-12-02",127.029998779297,129.75,126.480003356934,129.539993286133,1905700,127.953147888184
"2020-12-03",130.5,130.869995117188,128.179992675781,128.380004882812,2352200,126.80738067627
"2020-12-04",126.419998168945,129.149993896484,126.25,128.690002441406,2743100,127.113586425781
"2020-12-07",129.190002441406,130.979995727539,128.880004882812,130.839996337891,2671200,129.237258911133
"2020-12-08",130.429992675781,132.539993286133,129.720001220703,132.149993896484,2835800,130.531188964844
"2020-12-09",131.559997558594,133.630004882812,130.839996337891,133.169998168945,4229400,131.538711547852
"2020-12-10",131.660003662109,135.369995117188,131.25,134.679992675781,2903800,133.030166625977
"2020-12-11",134.779998779297,137.110000610352,134.630004882812,135.800003051758,3195700,134.136459350586
"2020-12-14",138.5,138.589996337891,136.600006103516,137.539993286133,3356900,135.85514831543
"2020-12-15",137.809997558594,140.800003051758,137.110000610352,140.660003662109,3394600,138.936935424805
"2020-12-16",139.5,143.449996948242,139.330001831055,141.600006103516,4029200,139.865447998047
"2020-12-17",141.949996948242,142.5,138.320007324219,139.850006103516,3625700,138.136856079102
"2020-12-18",140.660003662109,142.970001220703,139.580001831055,142.610000610352,4874000,140.863052368164
"2020-12-21",141.630004882812,142.369995117188,138.970001220703,141.009994506836,2631100,139.282638549805
"2020-12-22",141.240005493164,141.720001220703,138.690002441406,139.429992675781,2102900,137.722030639648
"2020-12-23",139.520004272461,142.389999389648,138.630004882812,141.509994506836,1762400,139.776519775391
"2020-12-24",141.320007324219,142.199996948242,140.779998779297,141.809997558594,688100,140.072845458984
"2020-12-28",142.330001831055,142.550003051758,138.779998779297,140.720001220703,1756100,138.996215820312
"2020-12-29",141,142.130004882812,140.279998779297,140.699996948242,1188400,138.976425170898
"2020-12-30",141.389999389648,142.630004882812,140.889999389648,142.050003051758,1684500,140.309906005859
"2020-12-31",141.910003662109,143.860000610352,141.910003662109,143.600006103516,1689900,141.840927124023
"2021-01-04",143.440002441406,143.649993896484,138.160003662109,139.509994506836,3587000,137.801025390625
"2021-01-05",140.229995727539,141.399993896484,138.490005493164,141.320007324219,2117800,139.588851928711
"2021-01-06",138.520004272461,140.199996948242,136.389999389648,136.800003051758,2398500,135.124237060547
"2021-01-07",137.330001831055,140.869995117188,137,140.740005493164,2936200,139.015960693359
"2021-01-08",140.860000610352,142,139.929992675781,141.860000610352,1902700,140.12223815918
"2021-01-11",141.520004272461,141.720001220703,139.309997558594,141.220001220703,2589800,139.490081787109
"2021-01-12",141.089996337891,141.800003051758,137.300003051758,139.059997558594,2166700,137.356536865234
"2021-01-13",138.570007324219,138.949996948242,134.630004882812,136.339996337891,3696500,134.669860839844
"2021-01-14",136.830001831055,139.380004882812,136.130004882812,138.940002441406,3511800,137.238006591797
"2021-01-15",139.259994506836,140.660003662109,137.910003662109,139,2443700,137.297286987305
"2021-01-19",139.410003662109,143,138,141.429992675781,2693300,139.697494506836
"2021-01-20",142.429992675781,145.919998168945,141.789993286133,145.600006103516,3288400,143.81640625
"2021-01-21",145.610000610352,147.279998779297,144.740005493164,145.970001220703,3014000,144.181900024414
"2021-01-22",144.979995727539,146.479995727539,144.509994506836,146,3369200,144.211517333984
"2021-01-25",148.809997558594,150.300003051758,145.380004882812,146.300003051758,3728600,144.507843017578
"2021-01-26",146.360000610352,146.960006713867,145.190002441406,146.300003051758,3660300,144.507843017578
"2021-01-27",145.830001831055,148.929992675781,144.539993286133,146.229995727539,4368100,144.438705444336
"2021-01-28",146.199996948242,146.630004882812,142.899993896484,143.009994506836,3276700,141.25813293457
"2021-01-29",141,144.570007324219,140.470001220703,143.199996948242,3665400,141.445816040039
"2021-02-01",143.789993286133,147.289993286133,143.529998779297,145.869995117188,4123100,144.083114624023
"2021-02-02",146.149993896484,150.300003051758,146.149993896484,148.970001220703,4185700,147.145156860352
"2021-02-03",144.360000610352,144.610000610352,138.039993286133,140.820007324219,6695600,139.094985961914
"2021-02-04",140.559997558594,142.149993896484,137.759994506836,138.630004882812,3930200,136.931823730469
"2021-02-05",139.910003662109,142.470001220703,139.300003051758,141.220001220703,3899200,139.490081787109
"2021-02-08",142,142.490005493164,139.339996337891,142.460006713867,2538400,140.714904785156
"2021-02-09",142.570007324219,148.229995727539,142.429992675781,146.110000610352,4517900,144.320175170898
"2021-02-10",146.949996948242,147.410003662109,144.119995117188,144.610000610352,2827100,142.83854675293
"2021-02-11",145.330001831055,147.940002441406,144.610000610352,147.330001831055,2592700,145.525253295898
"2021-02-12",146.820007324219,147.839996337891,145.039993286133,147.740005493164,1666100,145.930221557617
"2021-02-16",146.850006103516,147.910003662109,144.619995117188,145.779998779297,2526400,143.994216918945
"2021-02-17",145.070007324219,146.029998779297,143.369995117188,145.830001831055,1653900,144.043609619141
"2021-02-18",146.050003051758,148.410003662109,144.179992675781,147.410003662109,2087500,145.604248046875
"2021-02-19",147.679992675781,148.979995727539,145.440002441406,145.949996948242,2144000,144.162124633789
"2021-02-22",144.660003662109,145.399993896484,142,142.259994506836,1833100,140.517333984375
"2021-02-23",140.229995727539,141.970001220703,136.190002441406,141.169998168945,2787000,139.440704345703
"2021-02-24",138.300003051758,139.619995117188,136.929992675781,137.679992675781,3735500,135.993438720703
"2021-02-25",137.25,138.960006713867,134.100006103516,135.240005493164,3042600,133.583358764648
"2021-02-26",135.710006713867,137.830001831055,133.910003662109,133.970001220703,3646600,132.328887939453
"2021-03-01",134.839996337891,137.860000610352,134.759994506836,137.270004272461,2867400,135.588455200195
"2021-03-02",137.149993896484,138.279998779297,135.600006103516,136.820007324219,2720500,135.311538696289
"2021-03-03",135.929992675781,136.75,132.720001220703,133.050003051758,2778500,131.583099365234
"2021-03-04",132.570007324219,134.770004272461,130.509994506836,131.289993286133,2938300,129.842529296875
"2021-03-05",131.529998779297,132.929992675781,129.509994506836,132.600006103516,2511000,131.138061523438
"2021-03-08",131.990005493164,132.520004272461,127.169998168945,127.209999084473,2182200,125.807495117188
"2021-03-09",130.240005493164,133.039993286133,129.970001220703,130.929992675781,2936700,129.486511230469
"2021-03-10",132.639999389648,132.639999389648,129.809997558594,130.119995117188,1842300,128.685424804688
"2021-03-11",132.460006713867,132.809997558594,131,131.339996337891,2218100,129.891952514648
"2021-03-12",129.929992675781,131,129.210006713867,130.490005493164,1327700,129.051330566406
"2021-03-15",130.440002441406,130.940002441406,129.139999389648,130.889999389648,2181700,129.446929931641
"2021-03-16",132.460006713867,133.699996948242,131.5,131.740005493164,2281000,130.287551879883
"2021-03-17",131.25,131.25,128.75,130.600006103516,2398600,129.160110473633
"2021-03-18",130.039993286133,130.580001831055,127.290000915527,128,3482500,126.588790893555
"2021-03-19",128.520004272461,129.809997558594,127.980003356934,128.399993896484,4191400,126.984367370605
"2021-03-22",129.410003662109,132.460006713867,128.600006103516,131.410003662109,3153600,129.961181640625
"2021-03-23",131.539993286133,134.479995727539,131.039993286133,133.050003051758,2521200,131.583099365234
"2021-03-24",132.970001220703,133.309997558594,129.710006713867,129.800003051758,2165800,128.368942260742
"2021-03-25",129.059997558594,130.429992675781,128.169998168945,130.029998779297,1956600,128.596405029297
"2021-03-26",130.240005493164,133,129.679992675781,132.850006103516,2229500,131.385314941406
"2021-03-29",132.509994506836,136.009994506836,131.529998779297,134.970001220703,2366900,133.481948852539
"2021-03-30",133.410003662109,134.509994506836,132.440002441406,134.429992675781,1952000,132.947891235352
"2021-03-31",134.710006713867,136.669998168945,134.270004272461,135.369995117188,2305100,133.877532958984
"2021-04-01",136.729995727539,138.419998168945,136.279998779297,137.960006713867,1724900,136.438980102539
"2021-04-05",137.509994506836,141.75,137.270004272461,141.539993286133,2424400,139.9794921875
"2021-04-06",141.089996337891,142.419998168945,140.399993896484,141.279998779297,2129800,139.722366333008
"2021-04-07",141.300003051758,142.770004272461,140.759994506836,142.009994506836,1910200,140.444320678711
"2021-04-08",142.839996337891,143.229995727539,140.690002441406,141.550003051758,1776000,139.989395141602
"2021-04-09",140.600006103516,140.729995727539,138.440002441406,140.460006713867,1765500,138.911422729492
"2021-04-12",139.419998168945,141.690002441406,139.330001831055,141.449996948242,2058100,139.890487670898
"2021-04-13",142.589996337891,143.880004882812,141.449996948242,142.110000610352,2105300,140.543212890625
"2021-04-14",141.919998168945,143.050003051758,141.270004272461,141.610000610352,1424900,140.048751831055
"2021-04-15",141.610000610352,142.970001220703,140.619995117188,142.770004272461,1654300,141.19596862793
"2021-04-16",142.110000610352,142.410003662109,140.270004272461,141.050003051758,2468400,139.494903564453
"2021-04-19",140,141.350006103516,138.75,139.630004882812,2856300,138.090560913086
"2021-04-20",139.600006103516,141.75,138.830001831055,140.860000610352,2058300,139.307022094727
"2021-04-21",140.309997558594,141.199996948242,139.089996337891,141.039993286133,1576700,139.485015869141
"2021-04-22",141.110000610352,143.270004272461,140.419998168945,141.259994506836,2498500,139.702590942383
"2021-04-23",142.520004272461,143.600006103516,140.839996337891,143.139999389648,2365300,141.561874389648
"2021-04-26",143.630004882812,145.389999389648,143.039993286133,143.789993286133,1749200,142.204711914062
"2021-04-27",144.360000610352,144.429992675781,142.5,143.460006713867,2159500,141.878326416016
"2021-04-28",144.089996337891,144.949996948242,143.320007324219,143.990005493164,1453500,142.402496337891
"2021-04-29",144.300003051758,146.720001220703,143.490005493164,146.339996337891,1698700,144.726593017578
"2021-04-30",145.100006103516,146.289993286133,141.899993896484,142.080001831055,2551400,140.513534545898
"2021-05-03",142.710006713867,143.470001220703,141.050003051758,141.179992675781,2242800,139.623489379883
"2021-05-04",140.729995727539,140.880004882812,135.75,137.059997558594,2511900,135.548889160156
"2021-05-05",138.020004272461,140.610000610352,137.630004882812,137.860000610352,2126700,136.340072631836
"2021-05-06",137.580001831055,141.419998168945,137.580001831055,141.339996337891,1957300,139.781723022461
"2021-05-07",142.589996337891,143.839996337891,141.779998779297,142.419998168945,1603800,140.849792480469
"2021-05-10",141.449996948242,143.330001831055,140.619995117188,140.649993896484,3119100,139.099304199219
"2021-05-11",138.899993896484,142.470001220703,138.690002441406,141.360000610352,4112800,139.801483154297
"2021-05-12",141.660003662109,142.699996948242,137.789993286133,139.669998168945,5809100,138.130111694336
"2021-05-13",138.919998168945,140.940002441406,138.029998779297,139.130004882812,2322900,137.596084594727
"2021-05-14",140.210006713867,140.710006713867,137.850006103516,138.619995117188,2494400,137.091720581055
"2021-05-17",137.050003051758,138.350006103516,136.449996948242,137.529998779297,2031200,136.013717651367
"2021-05-18",137.309997558594,140.690002441406,136.759994506836,138.059997558594,2079500,136.537872314453
"2021-05-19",135.979995727539,139.199996948242,135.559997558594,138.880004882812,1720100,137.348846435547
"2021-05-20",139.919998168945,143.100006103516,139.009994506836,141.809997558594,2459000,140.246520996094
"2021-05-21",142.470001220703,143.190002441406,139.880004882812,140.169998168945,2967400,138.624618530273
"2021-05-24",141.389999389648,142.669998168945,140.169998168945,142.089996337891,1649800,140.5234375
"2021-05-25",142.589996337891,143.839996337891,141.5,143.259994506836,1897000,141.680541992188
"2021-05-26",144,145.729995727539,143.179992675781,143.990005493164,1617000,142.402496337891
"2021-05-27",143.320007324219,144.460006713867,142.520004272461,142.929992675781,1913200,141.354187011719
"2021-05-28",143.309997558594,144.210006713867,142.720001220703,142.929992675781,1341000,141.354187011719
"2021-06-01",142.169998168945,144.149993896484,142.169998168945,143.619995117188,2610300,142.205703735352
"2021-06-02",143.690002441406,143.860000610352,140.929992675781,141.399993896484,1522100,140.007568359375
"2021-06-03",140.889999389648,142.550003051758,140.649993896484,141.990005493164,1574900,140.591766357422
"2021-06-04",142.899993896484,145.820007324219,142.639999389648,145.210006713867,1919500,143.780075073242
"2021-06-07",144.740005493164,145.960006713867,144.050003051758,145.720001220703,1510500,144.285049438477
"2021-06-08",146.449996948242,147.259994506836,145.199996948242,145.5,1157900,144.067199707031
"2021-06-09",146.279998779297,147.440002441406,145.570007324219,145.820007324219,1769800,144.384063720703
"2021-06-10",146.360000610352,146.399993896484,142.309997558594,145.660003662109,3279100,144.225631713867
"2021-06-11",145.229995727539,146.759994506836,144.979995727539,146.389999389648,1247500,144.948440551758
"2021-06-14",146.660003662109,148.740005493164,146.149993896484,148.550003051758,1746200,147.087158203125
"2021-06-15",148.919998168945,148.929992675781,144.309997558594,144.800003051758,1795600,143.374099731445
"2021-06-16",143.960006713867,144.259994506836,140.449996948242,142.600006103516,2922500,141.195770263672
"2021-06-17",142.139999389648,143.550003051758,140.669998168945,141.929992675781,2199700,140.532348632812
"2021-06-18",142,142.639999389648,139.919998168945,141.119995117188,3235600,139.730316162109
"2021-06-21",139.380004882812,142.089996337891,138.789993286133,140.960006713867,2628500,139.571914672852
"2021-06-22",141.169998168945,141.660003662109,140.070007324219,140.860000610352,1531700,139.472900390625
"2021-06-23",140.919998168945,141.669998168945,138.229995727539,138.619995117188,1730100,137.254959106445
"2021-06-24",138.559997558594,139.5,137.600006103516,138.649993896484,1642900,137.284637451172
"2021-06-25",139.190002441406,139.720001220703,138.050003051758,138.589996337891,2266800,137.225280761719
"2021-06-28",139.690002441406,144.470001220703,139.490005493164,142.979995727539,2626800,141.572021484375
"2021-06-29",143.179992675781,144.529998779297,142.229995727539,144.100006103516,1575400,142.681015014648
"2021-06-30",144.320007324219,144.639999389648,143.149993896484,143.830001831055,1799900,142.413681030273
"2021-07-01",143.460006713867,143.820007324219,141.429992675781,142.139999389648,2621600,140.740295410156
"2021-07-02",143.289993286133,143.910003662109,142.130004882812,143.410003662109,1224500,141.997802734375
"2021-07-06",143.539993286133,143.789993286133,141.960006713867,143,1884300,141.591827392578
"2021-07-07",144.089996337891,144.25,142.539993286133,142.949996948242,1956900,141.54231262207
"2021-07-08",141.320007324219,142.380004882812,140.039993286133,140.449996948242,1863700,139.066909790039
"2021-07-09",139.550003051758,141.479995727539,139.490005493164,140.990005493164,1738700,139.601623535156
"2021-07-12",142.550003051758,142.550003051758,140.559997558594,141.389999389648,1946400,139.997650146484
"2021-07-13",143.440002441406,145.919998168945,142.460006713867,143.25,2695800,141.839385986328
"2021-07-14",143.309997558594,145,142.529998779297,143.119995117188,1933100,141.710632324219
"2021-07-15",143.350006103516,144.5,141.570007324219,142.660003662109,2423200,141.255157470703
"2021-07-16",142.630004882812,144.009994506836,141.229995727539,143.100006103516,3419700,141.690841674805
"2021-07-19",143.050003051758,145.169998168945,140.360000610352,141.240005493164,2199100,139.849166870117
"2021-07-20",141.350006103516,141.990005493164,139.880004882812,141.070007324219,1870000,139.68083190918
"2021-07-21",143.889999389648,143.889999389648,140.199996948242,140.720001220703,2071100,139.334274291992
"2021-07-22",140.070007324219,142.460006713867,140.070007324219,142.289993286133,1913200,140.888809204102
"2021-07-23",142.649993896484,145.360000610352,141.770004272461,144.990005493164,2269500,143.562225341797
"2021-07-26",145.119995117188,146.009994506836,143.800003051758,145.25,1307000,143.81965637207
"2021-07-27",145.059997558594,145.220001220703,140.320007324219,141.929992675781,2126600,140.532348632812
"2021-07-28",142.350006103516,145.169998168945,142.240005493164,143.559997558594,1353700,142.146301269531
"2021-07-29",143.949996948242,144.630004882812,142.880004882812,143.380004882812,1643100,141.968078613281
"2021-07-30",142.839996337891,145.399993896484,142.449996948242,143.960006713867,2825200,142.542373657227
"2021-08-02",145,145.639999389648,143.809997558594,144.110000610352,2054200,142.690902709961
"2021-08-03",142.639999389648,143.320007324219,137.169998168945,139.800003051758,4492500,138.423324584961
"2021-08-04",139.520004272461,141.339996337891,138.360000610352,139.910003662109,2897400,138.532257080078
"2021-08-05",144.830001831055,146.5,134.839996337891,136.869995117188,5516100,135.522201538086
"2021-08-06",136.470001220703,137.330001831055,135.410003662109,136.339996337891,2401300,134.997406005859
"2021-08-09",136.710006713867,137.839996337891,135.429992675781,136.160003662109,1722800,134.819183349609
"2021-08-10",136.110000610352,137.089996337891,135.160003662109,137.029998779297,2210400,135.680618286133
"2021-08-11",137.919998168945,138.449996948242,137.059997558594,138.300003051758,1841300,136.938110351562
"2021-08-12",138.110000610352,139.020004272461,136.929992675781,138.990005493164,1871500,137.621307373047
"2021-08-13",138.940002441406,139.399993896484,138.190002441406,138.679992675781,1572600,137.314376831055
"2021-08-16",137.960006713867,140.020004272461,137.399993896484,140,1789100,138.621353149414
"2021-08-17",139.169998168945,142.160003662109,138.639999389648,141.039993286133,2340800,139.651123046875
"2021-08-18",140.940002441406,141.899993896484,139.820007324219,139.990005493164,2091100,138.611465454102
"2021-08-19",139.380004882812,141.410003662109,139.080001831055,140.600006103516,1888400,139.215469360352
"2021-08-20",140.919998168945,141.779998779297,139.630004882812,140.169998168945,2329900,138.789688110352
"2021-08-23",140.149993896484,143.5,139.320007324219,142.820007324219,1895900,141.413589477539
"2021-08-24",143.160003662109,144.350006103516,142.160003662109,142.570007324219,1501900,141.166061401367
"2021-08-25",142.770004272461,142.770004272461,140.009994506836,141.860000610352,1638200,140.463073730469
"2021-08-26",141.979995727539,142.889999389648,141.179992675781,141.470001220703,1016300,140.076873779297
"2021-08-27",141.520004272461,143.320007324219,141.210006713867,142.940002441406,1144000,141.532424926758
"2021-08-30",142.199996948242,144.330001831055,141.009994506836,143.289993286133,2011300,141.878952026367
"2021-08-31",143.660003662109,147.130004882812,142.600006103516,145.210006713867,3467600,143.950836181641
"2021-09-01",145.339996337891,147,144.949996948242,146.429992675781,1570100,145.160278320312
"2021-09-02",146.869995117188,147.759994506836,144.990005493164,145.399993896484,2240600,144.139190673828
"2021-09-03",144.960006713867,146.949996948242,144.960006713867,146.600006103516,1192700,145.328826904297
"2021-09-07",147.089996337891,147.089996337891,145.119995117188,145.220001220703,1495700,143.960754394531
"2021-09-08",145.759994506836,147.539993286133,143.899993896484,144.100006103516,2200400,142.850479125977
"2021-09-09",143.270004272461,144.240005493164,140.809997558594,142.309997558594,2624700,141.075988769531
"2021-09-10",142.020004272461,146.929992675781,141.470001220703,145.130004882812,3664200,143.871536254883
"2021-09-13",145.410003662109,146.910003662109,143.910003662109,144.679992675781,2131400,143.425430297852
"2021-09-14",145.220001220703,145.940002441406,144.309997558594,145.369995117188,1318400,144.109451293945
"2021-09-15",142.149993896484,142.240005493164,135.839996337891,137.039993286133,6359000,135.851684570312
"2021-09-16",137.910003662109,139.699996948242,135.529998779297,135.960006713867,4637600,134.781066894531
"2021-09-17",135.169998168945,135.559997558594,133.199996948242,133.880004882812,4178700,132.719116210938
"2021-09-20",131.979995727539,132.529998779297,128.759994506836,130.089996337891,3533200,128.961944580078
"2021-09-21",130.009994506836,130.5,126.559997558594,126.76000213623,3689800,125.660842895508
"2021-09-22",126.190002441406,127.620002746582,124.879997253418,126.400001525879,4214400,125.303939819336
"2021-09-23",126.98999786377,129.119995117188,126.120002746582,127.889999389648,2571600,126.781044006348
"2021-09-24",127.040000915527,130.020004272461,126.860000610352,129.899993896484,2327300,128.77360534668
"2021-09-27",129.270004272461,132.559997558594,128.940002441406,131.979995727539,3326800,130.835571289062
"2021-09-28",131.860000610352,135,131.520004272461,133.770004272461,4349800,132.610076904297
"2021-09-29",133.850006103516,139.589996337891,133.809997558594,137.940002441406,5656600,136.743896484375
"2021-09-30",139.309997558594,144.130004882812,138.850006103516,142.25,5017700,141.016510009766
"2021-10-01",141.899993896484,144.110000610352,139.539993286133,143.589996337891,3196200,142.344909667969
"2021-10-04",143.360000610352,145.460006713867,140.020004272461,143.160003662109,3215700,141.918640136719
"2021-10-05",143.130004882812,144.729995727539,142.600006103516,144.089996337891,2682100,142.840560913086
"2021-10-06",143.580001831055,143.580001831055,132.860000610352,134.070007324219,8344300,132.907440185547
"2021-10-07",134.759994506836,138.119995117188,134.399993896484,137.589996337891,3627300,136.396942138672
"2021-10-08",137.479995727539,140.559997558594,137.410003662109,139.990005493164,2163000,138.776123046875
"2021-10-11",139.919998168945,140.610000610352,137.509994506836,139.470001220703,1908200,138.260620117188
"2021-10-12",139.529998779297,139.830001831055,136,136.669998168945,3091900,135.484893798828
"2021-10-13",136.960006713867,137.759994506836,132.949996948242,136.440002441406,3097400,135.256881713867
"2021-10-14",136.720001220703,137.660003662109,134.619995117188,135.710006713867,2434400,134.533233642578
"2021-10-15",135.850006103516,136.690002441406,133.270004272461,134.75,3298800,133.581558227539
"2021-10-18",134.649993896484,135.729995727539,134.199996948242,134.710006713867,1755900,133.541900634766
"2021-10-19",135.479995727539,136.770004272461,134.5,136.75,1614400,135.564208984375
"2021-10-20",137.460006713867,139.320007324219,137.210006713867,139.199996948242,1763200,137.992950439453
"2021-10-21",139.210006713867,140.839996337891,138.270004272461,140.630004882812,1853600,139.410568237305
"2021-10-22",141,144.160003662109,140.600006103516,141.070007324219,2495300,139.846755981445
"2021-10-25",141.110000610352,143.789993286133,140.5,142.190002441406,2155600,140.957046508789
"2021-10-26",142.919998168945,144.110000610352,141.720001220703,142.399993896484,1543000,141.165191650391
"2021-10-27",142.679992675781,142.759994506836,140.309997558594,140.369995117188,1697000,139.152816772461
"2021-10-28",140.25,141.190002441406,139.100006103516,140.229995727539,1372600,139.014022827148
"2021-10-29",140.419998168945,140.839996337891,138.910003662109,140.25,1990500,139.03385925293
"2021-11-01",140.910003662109,143.410003662109,140.020004272461,141.770004272461,2068300,140.540679931641
"2021-11-02",141.559997558594,141.75,138.740005493164,140.169998168945,2514400,138.954528808594
"2021-11-03",137.699996948242,140.720001220703,136.419998168945,139.5,3562300,138.29035949707
"2021-11-04",143.380004882812,146.720001220703,142,142.479995727539,3496100,141.244491577148
"2021-11-05",144.190002441406,144.699996948242,138.610000610352,139.570007324219,2757800,138.359756469727
"2021-11-08",139.990005493164,140.320007324219,137.639999389648,138.160003662109,2538200,136.961975097656
"2021-11-09",139.350006103516,141,138.669998168945,139.789993286133,1796000,138.577835083008
"2021-11-10",139.669998168945,141.960006713867,138.5,139.279998779297,2058800,138.072265625
"2021-11-11",140.149993896484,145.809997558594,139.75,144.449996948242,3109500,143.19743347168
"2021-11-12",143.860000610352,146.589996337891,143.539993286133,145.440002441406,1613600,144.178848266602
"2021-11-15",143.610000610352,144.389999389648,137.639999389648,141.279998779297,3850900,140.054931640625
"2021-11-16",141.169998168945,143.360000610352,138.570007324219,139.559997558594,2977500,138.349822998047
"2021-11-17",138.619995117188,140.699996948242,137.600006103516,138.139999389648,2245900,136.942153930664
"2021-11-18",137.279998779297,137.820007324219,135.110000610352,137.330001831055,4120500,136.139190673828
"2021-11-19",137.259994506836,137.419998168945,132.190002441406,132.389999389648,3972400,131.242004394531
"2021-11-22",131.699996948242,131.830001831055,125.309997558594,126.279998779297,5198500,125.184989929199
"2021-11-23",125.75,129.210006713867,125.589996337891,128.410003662109,3765400,127.296531677246
"2021-11-24",128.25,128.570007324219,124.809997558594,126.650001525879,2851100,125.551795959473
"2021-11-26",130.800003051758,130.889999389648,125.470001220703,125.970001220703,2264100,124.877685546875
"2021-11-29",125.900001525879,126.110000610352,123.069999694824,124.879997253418,2279200,123.797134399414
"2021-11-30",125.879997253418,128.589996337891,123.279998779297,124.220001220703,5192800,123.142860412598
"2021-12-01",125.099998474121,125.959999084473,120.080001831055,120.230003356934,3654100,119.187461853027
"2021-12-02",120.650001525879,123.76000213623,120.650001525879,122.589996337891,3107200,121.526977539062
"2021-12-03",123.639999389648,125.599998474121,123.089996337891,125.269996643066,3371300,124.183746337891
"2021-12-06",127.440002441406,127.809997558594,124.879997253418,126.309997558594,2863800,125.214729309082
"2021-12-07",127.25,128,125.930000305176,126.150001525879,2650200,125.224662780762
"2021-12-08",126.379997253418,127.330001831055,125.129997253418,126.370002746582,2553700,125.443046569824
"2021-12-09",126.48999786377,126.879997253418,124.690002441406,125,2485300,124.08309173584
"2021-12-10",126.150001525879,127.370002746582,124.660003662109,125.639999389648,2186600,124.718399047852
"2021-12-13",125.639999389648,128.300003051758,125.639999389648,126.769996643066,2292900,125.840110778809
"2021-12-14",125.980003356934,128.339996337891,125.980003356934,126.849998474121,2107800,125.91951751709
"2021-12-15",127.699996948242,129.240005493164,125.819999694824,128.899993896484,2471000,127.954475402832
"2021-12-16",128.610000610352,129.779998779297,128.020004272461,129.389999389648,1694800,128.440887451172
"2021-12-17",129.339996337891,130.800003051758,127.279998779297,127.519996643066,3502800,126.584609985352
"2021-12-20",126.459999084473,130.130004882812,126.459999084473,129.919998168945,2592100,128.967025756836
"2021-12-21",130.970001220703,132.320007324219,129.190002441406,132.169998168945,2251400,131.200485229492
"2021-12-22",132.080001831055,133.25,130.550003051758,131.470001220703,2153700,130.505615234375
"2021-12-23",131.279998779297,133.009994506836,130.860000610352,132.539993286133,1594000,131.567794799805
"2021-12-27",133.270004272461,133.75,132.300003051758,133.039993286133,1377300,132.064102172852
"2021-12-28",133.240005493164,134.970001220703,133.039993286133,133.470001220703,1230700,132.490951538086
"2021-12-29",133.899993896484,134.169998168945,131.889999389648,133.139999389648,912300,132.163375854492
"2021-12-30",133.699996948242,135.600006103516,133.699996948242,134.460006713867,1177000,133.473709106445
"2021-12-31",134.460006713867,134.990005493164,131.649993896484,131.899993896484,1610900,130.932464599609
"2022-01-03",131.929992675781,135.979995727539,131.75,134.949996948242,2033900,133.960098266602
"2022-01-04",134.320007324219,136.300003051758,133.779998779297,135.759994506836,2110800,134.76416015625
"2022-01-05",136.300003051758,137.479995727539,133.630004882812,133.800003051758,2531600,132.81852722168
"2022-01-06",133.279998779297,133.970001220703,129.419998168945,129.690002441406,2270700,128.738693237305
"2022-01-07",129.089996337891,132.470001220703,127.279998779297,131.779998779297,2436000,130.813369750977
"2022-01-10",131.410003662109,132.169998168945,128.149993896484,128.899993896484,3053200,127.954475402832
"2022-01-11",127.569999694824,130.960006713867,127.550003051758,130.800003051758,1797200,129.840545654297
"2022-01-12",131.240005493164,132.910003662109,129.970001220703,132.5,1677700,131.528076171875
"2022-01-13",133.029998779297,133.029998779297,130.509994506836,130.839996337891,1343500,129.880249023438
"2022-01-14",130.039993286133,130.75,128.720001220703,130.440002441406,1633400,129.483200073242
"2022-01-18",138.440002441406,142.550003051758,133.449996948242,133.910003662109,8758900,132.927734375
"2022-01-19",135.520004272461,138.220001220703,134.699996948242,136.910003662109,3820300,135.905746459961
"2022-01-20",137.850006103516,141.990005493164,137.850006103516,138.880004882812,3116900,137.861267089844
"2022-01-21",138.279998779297,140.690002441406,138.089996337891,139.009994506836,3120000,137.990325927734
"2022-01-24",137.089996337891,139.399993896484,131.899993896484,135.199996948242,4262100,134.208251953125
"2022-01-25",133.570007324219,134.020004272461,129.539993286133,131.009994506836,2386400,130.04899597168
"2022-01-26",131.070007324219,132.330001831055,128.830001831055,129.979995727539,2333800,129.026550292969
"2022-01-27",130.770004272461,134.039993286133,130.649993896484,131.059997558594,1781500,130.098648071289
"2022-01-28",131.160003662109,132.229995727539,129.580001831055,131.919998168945,2155000,130.952346801758
"2022-01-31",131.149993896484,135.740005493164,129.240005493164,132.660003662109,4471000,131.686889648438
"2022-02-01",133.080001831055,133.460006713867,129.070007324219,129.940002441406,3828000,128.986877441406
"2022-02-02",125.720001220703,137.589996337891,125.610000610352,137.169998168945,5723700,136.163818359375
"2022-02-03",135.279998779297,139.610000610352,134.289993286133,137.289993286133,3409200,136.282943725586
"2022-02-04",135.350006103516,138.380004882812,134.690002441406,137.710006713867,2397200,136.69987487793
"2022-02-07",138,138.080001831055,135.600006103516,136.399993896484,1726100,135.399475097656
"2022-02-08",136.320007324219,137.25,134.25,134.369995117188,2264900,133.384368896484
"2022-02-09",135.759994506836,136,132.580001831055,135.789993286133,1955800,134.7939453125
"2022-02-10",133.190002441406,136.899993896484,133.190002441406,134.979995727539,1718600,133.989883422852
"2022-02-11",134.979995727539,136.419998168945,133.800003051758,134.100006103516,1647900,133.116348266602
"2022-02-14",133.880004882812,134.460006713867,132.440002441406,133.399993896484,1680500,132.421463012695
"2022-02-15",134.399993896484,135.460006713867,133.360000610352,134.5,1739100,133.513397216797
"2022-02-16",133.75,134.600006103516,131.460006713867,133.289993286133,2369300,132.312271118164
"2022-02-17",133.070007324219,133.070007324219,129.929992675781,130.399993896484,1735700,129.443466186523
"2022-02-18",130.009994506836,131.169998168945,128.919998168945,129.330001831055,2002000,128.381332397461
"2022-02-22",128.050003051758,129.639999389648,126.599998474121,127.089996337891,2182600,126.157768249512
"2022-02-23",127.879997253418,129.25,126.480003356934,126.720001220703,1908600,125.790473937988
"2022-02-24",123.910003662109,127.669998168945,123.800003051758,127.5,2083600,126.564750671387
"2022-02-25",128.339996337891,129.029998779297,126.860000610352,128.710006713867,2058600,127.765884399414
"2022-02-28",127.76000213623,131.490005493164,127.76000213623,130.089996337891,3489100,129.135757446289
"2022-03-01",130.550003051758,131.589996337891,127.529998779297,128.149993896484,1420400,127.209983825684
"2022-03-02",128.240005493164,129.720001220703,127.620002746582,129.259994506836,1641800,128.31184387207
"2022-03-03",130.190002441406,130.399993896484,127.430000305176,127.839996337891,1305700,126.902252197266
"2022-03-04",126.779998779297,127.690002441406,126.23999786377,126.48999786377,1845600,125.562164306641
"2022-03-07",126.470001220703,128.550003051758,125.069999694824,126.26000213623,2060200,125.333862304688
"2022-03-08",125.480003356934,125.870002746582,122.199996948242,122.669998168945,2211600,121.934356689453
"2022-03-09",124.040000915527,125.959999084473,123.290000915527,125.519996643066,2139500,124.767265319824
"2022-03-10",124.629997253418,125.980003356934,122.660003662109,123.680000305176,1222000,122.938293457031
"2022-03-11",124.629997253418,125.459999084473,122.169998168945,122.330001831055,1195200,121.596397399902
"2022-03-14",122.180000305176,122.430000305176,118.23999786377,119.129997253418,1968000,118.415580749512
"2022-03-15",119.139999389648,121.110000610352,117.580001831055,120.800003051758,1815900,120.075569152832
"2022-03-16",121.290000915527,123.889999389648,121.129997253418,123.800003051758,1627800,123.057586669922
"2022-03-17",123.440002441406,125.23999786377,122.669998168945,125.180000305176,1297300,124.429306030273
"2022-03-18",124.269996643066,126.480003356934,123.389999389648,126.279998779297,2653400,125.522705078125
"2022-03-21",125.089996337891,126.400001525879,124.639999389648,125.559997558594,1222100,124.807022094727
"2022-03-22",125.949996948242,128.179992675781,124.75,127.930000305176,1710000,127.162818908691
"2022-03-23",127.379997253418,128.059997558594,124.059997558594,124.639999389648,2158400,123.892539978027
"2022-03-24",125.059997558594,125.569999694824,123.629997253418,125.569999694824,2273400,124.816963195801
"2022-03-25",126.029998779297,127.51000213623,125.300003051758,127.319999694824,1315600,126.55647277832
"2022-03-28",127.669998168945,128.119995117188,126.150001525879,128.039993286133,1066000,127.272148132324
"2022-03-29",129.229995727539,129.720001220703,127.300003051758,128.830001831055,1495300,128.057403564453
"2022-03-30",128.029998779297,128.869995117188,127.129997253418,127.680000305176,1097000,126.91431427002
"2022-03-31",128.179992675781,128.190002441406,125.849998474121,126.51000213623,1751000,125.751335144043
"2022-04-01",126.849998474121,127.190002441406,123.339996337891,125.230003356934,2194000,124.47900390625
"2022-04-04",125.809997558594,128.559997558594,125.449996948242,128.020004272461,1522600,127.252281188965
"2022-04-05",127.150001525879,128.729995727539,125.5,125.860000610352,1012400,125.10523223877
"2022-04-06",125.26000213623,126.98999786377,124.360000610352,124.849998474121,1972000,124.101280212402
"2022-04-07",124.940002441406,125.339996337891,122.529998779297,123.400001525879,1758000,122.65998840332
"2022-04-08",122.879997253418,124.569999694824,122.230003356934,123.480003356934,1282400,122.739501953125
"2022-04-11",123.220001220703,124.720001220703,122.330001831055,122.580001831055,1793100,121.844902038574
"2022-04-12",123.370002746582,124.550003051758,122.949996948242,123.569999694824,2581800,122.828964233398
"2022-04-13",123.98999786377,124.150001525879,122.279998779297,123.620002746582,1532600,122.87866973877
"2022-04-14",123.629997253418,123.959999084473,121.190002441406,122.599998474121,2036400,121.864776611328
"2022-04-18",122.339996337891,123.449996948242,121.150001525879,122.160003662109,1536600,121.427421569824
"2022-04-19",120.120002746582,124.309997558594,120.120002746582,124.040000915527,1547300,123.29613494873
"2022-04-20",124.099998474121,124.849998474121,123.129997253418,123.309997558594,1571600,122.570518493652
"2022-04-21",123.430000305176,125.680000305176,123.430000305176,123.73999786377,2442400,122.997940063477
"2022-04-22",124.830001831055,128.550003051758,123.629997253418,128.089996337891,4237300,127.321853637695
"2022-04-25",127.730003356934,128.679992675781,125.169998168945,128.149993896484,2718400,127.381492614746
"2022-04-26",127.769996643066,128.009994506836,124.339996337891,124.629997253418,1911600,123.882598876953
"2022-04-27",124.470001220703,124.599998474121,121.01000213623,121.220001220703,2553100,120.493064880371
"2022-04-28",122.819999694824,124.300003051758,121.669998168945,123.410003662109,1663000,122.669929504395
"2022-04-29",123.01000213623,124.019996643066,117.73999786377,118.050003051758,3008100,117.342071533203
"2022-05-02",118.75,121.569999694824,117.75,120,2932200,119.280372619629
"2022-05-03",120.050003051758,122.690002441406,120.019996643066,122.51000213623,2319200,121.775321960449
"2022-05-04",122.879997253418,123.849998474121,120.349998474121,123.720001220703,1865200,122.978065490723
"2022-05-05",123.089996337891,123.589996337891,118.300003051758,119.610000610352,2135300,118.892707824707
"2022-05-06",119.160003662109,119.5,114.389999389648,115.290000915527,2122500,114.598617553711
"2022-05-09",114.290000915527,114.790000915527,111.699996948242,112.040000915527,3465600,111.368110656738
"2022-05-10",113.059997558594,113.629997253418,109.23999786377,111.599998474121,6505800,110.930740356445
"2022-05-11",114.599998474121,126.269996643066,114.110000610352,120.48999786377,7986700,119.767433166504
"2022-05-12",118.319999694824,122.160003662109,118.319999694824,120.949996948242,4545000,120.224678039551
"2022-05-13",121.620002746582,125.279998779297,121.139999389648,124.940002441406,3682500,124.19075012207
"2022-05-16",125,128.899993896484,124.419998168945,127.389999389648,2901900,126.626052856445
"2022-05-17",126.610000610352,132.580001831055,126.550003051758,128.470001220703,3920200,127.699569702148
"2022-05-18",126.900001525879,130.110000610352,126.559997558594,128.970001220703,4177100,128.196578979492
"2022-05-19",129.020004272461,133.139999389648,128.449996948242,130.020004272461,3542800,129.240280151367
"2022-05-20",130.820007324219,132.580001831055,126.519996643066,130.759994506836,4727700,129.975830078125
"2022-05-23",134.559997558594,137.729995727539,132.619995117188,133.770004272461,4589800,132.967803955078
"2022-05-24",132.699996948242,137.789993286133,132.490005493164,136.679992675781,4920100,135.860336303711
"2022-05-25",135.960006713867,137.660003662109,134.470001220703,137.350006103516,2717200,136.526336669922
"2022-05-26",137.479995727539,139.25,137.330001831055,138.679992675781,1685600,137.848358154297
"2022-05-27",139,140.160003662109,137.550003051758,138.529998779297,2411900,137.699234008789
"2022-05-31",137.899993896484,139.259994506836,136.320007324219,138.649993896484,2880300,137.818511962891
"2022-06-01",139.419998168945,140.100006103516,137.479995727539,139.529998779297,2134500,138.693237304688
"2022-06-02",138.729995727539,141.740005493164,137.619995117188,141.5,2868100,140.651428222656
"2022-06-03",140.690002441406,142.789993286133,140.160003662109,141,2924200,140.154434204102
"2022-06-06",141.460006713867,142.229995727539,139.869995117188,140.350006103516,1649200,139.508346557617
"2022-06-07",139.029998779297,141.020004272461,138.720001220703,140.970001220703,1847200,140.314575195312
"2022-06-08",140.630004882812,141.470001220703,138.75,139.220001220703,1702500,138.572692871094
"2022-06-09",138.330001831055,140.179992675781,135.779998779297,135.809997558594,2239800,135.17854309082
"2022-06-10",133.529998779297,134.979995727539,132.75,133.440002441406,2052800,132.819564819336
"2022-06-13",131.259994506836,131.910003662109,128.669998168945,128.759994506836,2809700,128.161315917969
"2022-06-14",129.160003662109,129.770004272461,126.279998779297,127.370002746582,2422100,126.777793884277
"2022-06-15",127.650001525879,130.600006103516,127.050003051758,129.259994506836,2210100,128.658996582031
"2022-06-16",126.870002746582,128.729995727539,126.029998779297,127.980003356934,2329600,127.384963989258
"2022-06-17",127.76000213623,129.539993286133,125.849998474121,128.539993286133,3726000,127.942352294922
"2022-06-21",129.779998779297,130.940002441406,128.580001831055,130.389999389648,2222900,129.783752441406
"2022-06-22",129.199996948242,130.729995727539,128.820007324219,129.029998779297,2083500,128.430068969727
"2022-06-23",128.979995727539,130,127.709999084473,128.960006713867,2048700,128.360412597656
"2022-06-24",130.199996948242,131.050003051758,128.539993286133,130.199996948242,6940500,129.594635009766
"2022-06-27",129.119995117188,129.789993286133,123.23999786377,125.599998474121,3597600,125.01602935791
"2022-06-28",125.910003662109,126.569999694824,122.610000610352,122.879997253418,3250600,122.308670043945
"2022-06-29",123.050003051758,124.019996643066,121.680000305176,122.830001831055,1973600,122.258903503418
"2022-06-30",122.430000305176,123.349998474121,121.069999694824,121.650001525879,2319000,121.084396362305
"2022-07-01",120.900001525879,123.019996643066,120.709999084473,122.730003356934,1185900,122.159378051758
"2022-07-05",121.519996643066,125,120.540000915527,124.75,1773100,124.169982910156
"2022-07-06",124.889999389648,125.269996643066,123.5,124.349998474121,1517600,123.771835327148
"2022-07-07",124.139999389648,126.349998474121,123.769996643066,125.599998474121,1770100,125.01602935791
"2022-07-08",124.830001831055,126.449996948242,124.199996948242,125.629997253418,1386000,125.045883178711
"2022-07-11",125.300003051758,125.610000610352,123.680000305176,123.839996337891,1291300,123.264205932617
"2022-07-12",123.730003356934,124.980003356934,121.730003356934,121.980003356934,1250000,121.412857055664
"2022-07-13",120.25,122.389999389648,119.540000915527,121.680000305176,1726000,121.114250183105
"2022-07-14",121.050003051758,122.400001525879,120.190002441406,122.290000915527,1315300,121.721420288086
"2022-07-15",122.75,124.120002746582,122.720001220703,123.160003662109,1244600,122.587371826172
"2022-07-18",124.120002746582,125.220001220703,123.190002441406,123.620002746582,1584500,123.045234680176
"2022-07-19",124.709999084473,126.879997253418,124.089996337891,126.75,1854800,126.160682678223
"2022-07-20",126.790000915527,128.270004272461,126.220001220703,127.589996337891,1365100,126.996772766113
"2022-07-21",128.110000610352,130.380004882812,127.220001220703,130.210006713867,2306100,129.604598999023
"2022-07-22",130.009994506836,132.020004272461,129.770004272461,130.160003662109,1486200,129.554824829102
"2022-07-25",130,130.850006103516,129.509994506836,129.919998168945,1404600,129.315948486328
"2022-07-26",130.720001220703,133.460006713867,129.770004272461,130.75,1571300,130.142074584961
"2022-07-27",130.460006713867,132.960006713867,129.809997558594,132.179992675781,1697900,131.565414428711
"2022-07-28",132.490005493164,133.619995117188,131.399993896484,133.179992675781,1441700,132.560760498047
"2022-07-29",132.169998168945,132.940002441406,130.070007324219,131.229995727539,2530800,130.619842529297
"2022-08-01",130.589996337891,131.850006103516,129.789993286133,130.869995117188,1652600,130.261535644531
"2022-08-02",129.75,130.600006103516,128.729995727539,128.889999389648,2184900,128.290740966797
"2022-08-03",131.139999389648,134.919998168945,130.410003662109,133.279998779297,2210800,132.66032409668
"2022-08-04",133.369995117188,133.800003051758,131.990005493164,133.240005493164,1666300,132.620529174805
"2022-08-05",132.100006103516,132.679992675781,131.210006713867,132.559997558594,1178600,131.94367980957
"2022-08-08",132.75,133.419998168945,130.589996337891,131.050003051758,1585800,130.440689086914
"2022-08-09",130.050003051758,130.580001831055,128.059997558594,129.279998779297,1977400,128.678909301758
"2022-08-10",130.839996337891,132.199996948242,130.100006103516,131.160003662109,1640500,130.550170898438
"2022-08-11",131.990005493164,132.279998779297,129.589996337891,129.679992675781,1435400,129.077041625977
"2022-08-12",130.149993896484,131.559997558594,129.789993286133,131.369995117188,1000300,130.759201049805
"2022-08-15",130.949996948242,132.100006103516,129.850006103516,131.600006103516,1133100,130.988143920898
"2022-08-16",131.259994506836,135.809997558594,130.539993286133,135.110000610352,2037000,134.481811523438
"2022-08-17",134.679992675781,135.779998779297,133,133.169998168945,1601200,132.550811767578
"2022-08-18",133.169998168945,133.619995117188,131.979995727539,132.470001220703,1190500,131.854080200195
"2022-08-19",131.740005493164,131.880004882812,130.119995117188,130.479995727539,1220800,129.873321533203
"2022-08-22",129.889999389648,130.240005493164,127.629997253418,128.119995117188,1775000,127.524307250977
"2022-08-23",127.059997558594,127.440002441406,126.279998779297,126.730003356934,1124700,126.140769958496
"2022-08-24",126.470001220703,127.019996643066,125.5,125.610000610352,1426700,125.025985717773
"2022-08-25",126.26000213623,127.629997253418,125.370002746582,127.610000610352,878500,127.01668548584
"2022-08-26",133.690002441406,135.850006103516,131.990005493164,132.169998168945,9512600,131.555465698242
"2022-08-29",130.449996948242,131.380004882812,127.599998474121,129.600006103516,2729300,128.997436523438
"2022-08-30",128.979995727539,129.050003051758,125.900001525879,126.470001220703,1943200,126.066802978516
"2022-08-31",127.889999389648,128.809997558594,126.569999694824,126.870002746582,1860700,126.465522766113
"2022-09-01",125.879997253418,127.76000213623,125.879997253418,127.680000305176,1497700,127.272941589355
"2022-09-02",127.919998168945,128.449996948242,125,125.330001831055,1346700,124.930435180664
"2022-09-06",124.419998168945,125.059997558594,122.540000915527,124.730003356934,2205700,124.332344055176
"2022-09-07",123.699996948242,125.870002746582,123.449996948242,125.550003051758,2355300,125.14973449707
"2022-09-08",125.360000610352,127.190002441406,124.440002441406,127.139999389648,1719100,126.734664916992
"2022-09-09",127.800003051758,129.740005493164,127.650001525879,128.929992675781,1651400,128.518951416016
"2022-09-12",129.759994506836,131.399993896484,129.259994506836,130.850006103516,1707800,130.432846069336
"2022-09-13",128.149993896484,129.479995727539,126.73999786377,127.589996337891,2829900,127.183227539062
"2022-09-14",127.389999389648,127.720001220703,125.669998168945,126.919998168945,1750900,126.515365600586
"2022-09-15",125.199996948242,126.660003662109,123.75,124.410003662109,2314700,124.013374328613
"2022-09-16",123.870002746582,123.970001220703,120,121.73999786377,5240600,121.35188293457
"2022-09-19",121.190002441406,123.01000213623,120.160003662109,122.930000305176,1722300,122.5380859375
"2022-09-20",122.550003051758,122.629997253418,119.889999389648,120.540000915527,1521700,120.155700683594
"2022-09-21",121.110000610352,121.180000305176,117.48999786377,117.48999786377,1426400,117.115425109863
"2022-09-22",116.650001525879,118.300003051758,116.480003356934,117.419998168945,1385400,117.045654296875
"2022-09-23",116.73999786377,117.309997558594,114.069999694824,115.639999389648,1825900,115.271324157715
"2022-09-26",115.319999694824,116.569999694824,114.120002746582,114.819999694824,1726300,114.453941345215
"2022-09-27",115.529998779297,116.569999694824,114.639999389648,115.139999389648,1268300,114.772918701172
"2022-09-28",115.830001831055,118.940002441406,115.089996337891,118.349998474121,2091900,117.972686767578
"2022-09-29",117.730003356934,118.25,116.099998474121,117.470001220703,1644600,117.095497131348
"2022-09-30",117.699996948242,118.51000213623,115.550003051758,115.709999084473,2189200,115.341102600098
"2022-10-03",116.230003356934,120.430000305176,116.01000213623,119.860000610352,2602000,119.477874755859
"2022-10-04",120.620002746582,123.339996337891,120.620002746582,123.199996948242,2039000,122.807220458984
"2022-10-05",122.699996948242,123.73999786377,121.279998779297,122.669998168945,1704900,122.278915405273
"2022-10-06",122.879997253418,124.790000915527,122.660003662109,123.660003662109,1558300,123.265762329102
"2022-10-07",122.529998779297,123.339996337891,121.569999694824,122.309997558594,1999500,121.920059204102
"2022-10-10",122.400001525879,122.470001220703,119.900001525879,120.680000305176,1080100,120.295257568359
"2022-10-11",120.230003356934,121.269996643066,118.639999389648,119.25,1578900,118.869819641113
"2022-10-12",119.339996337891,120.199996948242,118.790000915527,118.879997253418,1140800,118.500999450684
"2022-10-13",116.339996337891,122.160003662109,116.220001220703,121.220001220703,1624700,120.833541870117
"2022-10-14",122.080001831055,123.220001220703,119.559997558594,120.370002746582,1972600,119.98624420166
"2022-10-17",123.199996948242,123.580001831055,120.830001831055,121.029998779297,1700300,120.644142150879
"2022-10-18",122.589996337891,123.98999786377,122.050003051758,123.370002746582,1513600,122.976684570312
"2022-10-19",122.379997253418,124.599998474121,121.930000305176,123.839996337891,1347700,123.445182800293
"2022-10-20",123.620002746582,125.699996948242,122.290000915527,123.550003051758,1360900,123.156112670898
"2022-10-21",123.26000213623,125.309997558594,122.550003051758,124.98999786377,1605700,124.591514587402
"2022-10-24",125.650001525879,126.379997253418,123.800003051758,125.669998168945,1344500,125.269348144531
"2022-10-25",126.199996948242,127.809997558594,125.860000610352,127.73999786377,1634500,127.332748413086
"2022-10-26",127.75,129.539993286133,126.980003356934,127.25,1357500,126.844314575195
"2022-10-27",127.160003662109,129.610000610352,127.110000610352,127.699996948242,2233800,127.292877197266
"2022-10-28",128.419998168945,130.449996948242,127.779998779297,128.240005493164,2213800,127.831169128418
"2022-10-31",127.919998168945,128.679992675781,125.160003662109,125.959999084473,2941200,125.55842590332
"2022-11-01",126.290000915527,127.699996948242,125.279998779297,126.269996643066,2576700,125.86743927002
"2022-11-02",126,132.710006713867,123.720001220703,128.660003662109,4902200,128.249816894531
"2022-11-03",127.51000213623,129.369995117188,126.580001831055,126.620002746582,2340800,126.216323852539
"2022-11-04",126.870002746582,129.820007324219,126.620002746582,129.759994506836,2231500,129.346298217773
"2022-11-07",130.179992675781,133.399993896484,129.960006713867,132.419998168945,2714600,131.997833251953
"2022-11-08",130.190002441406,131.470001220703,127.830001831055,129.100006103516,2554600,128.688415527344
"2022-11-09",129,129.139999389648,126,126.290000915527,2413000,125.88737487793
"2022-11-10",129.619995117188,131.550003051758,128.380004882812,130.300003051758,2564900,129.88459777832
"2022-11-11",130.610000610352,131.410003662109,128.410003662109,131.229995727539,2057800,130.811630249023
"2022-11-14",131.190002441406,131.690002441406,129.470001220703,129.559997558594,2412900,129.146957397461
"2022-11-15",130.929992675781,131.869995117188,127.099998474121,128.779998779297,2266700,128.369430541992
"2022-11-16",129.210006713867,130.839996337891,128.360000610352,129.339996337891,1464600,128.927642822266
"2022-11-17",127.279998779297,129.619995117188,126.180000305176,128.649993896484,1437900,128.239837646484
"2022-11-18",129.789993286133,130.279998779297,128.460006713867,130.080001831055,1648500,129.665283203125
"2022-11-21",129.5,130.020004272461,126.400001525879,127.860000610352,1846900,127.452369689941
"2022-11-22",128.160003662109,129.649993896484,127.019996643066,129.520004272461,1509400,129.107086181641
"2022-11-23",130,131.619995117188,129.399993896484,130.960006713867,1574800,130.542495727539
"2022-11-25",129.979995727539,130.270004272461,129.149993896484,129.5,781300,129.087127685547
"2022-11-28",129.020004272461,130.139999389648,128.169998168945,128.350006103516,1332000,127.940811157227
"2022-11-29",127.790000915527,128.720001220703,126.910003662109,127.589996337891,1330200,127.371780395508
"2022-11-30",127.690002441406,131.25,126.73999786377,130.779998779297,2809700,130.55632019043
"2022-12-01",131.830001831055,132.070007324219,130.130004882812,131.619995117188,1806200,131.394882202148
"2022-12-02",130.580001831055,132.860000610352,130.360000610352,132.279998779297,1233200,132.053756713867
"2022-12-05",132.169998168945,133.339996337891,130.009994506836,130.419998168945,1745200,130.19694519043
"2022-12-06",130.160003662109,130.160003662109,126.76000213623,127.410003662109,1943900,127.192092895508
"2022-12-07",127.769996643066,128.100006103516,125.319999694824,126.01000213623,1489700,125.794486999512
"2022-12-08",127.050003051758,127.480003356934,125.230003356934,126.110000610352,2259600,125.894317626953
"2022-12-09",126.099998474121,126.099998474121,124.180000305176,124.709999084473,1985500,124.496711730957
"2022-12-12",125.75,126.120002746582,123.470001220703,125.599998474121,1666800,125.385185241699
"2022-12-13",127.76000213623,128.910003662109,124.449996948242,125.680000305176,2416600,125.465049743652
"2022-12-14",125.849998474121,126.629997253418,123.769996643066,124.660003662109,1477000,124.446800231934
"2022-12-15",123.629997253418,124.23999786377,121.330001831055,121.730003356934,1686500,121.521812438965
"2022-12-16",120.769996643066,121.98999786377,119.900001525879,121.73999786377,4312600,121.531784057617
"2022-12-19",121.559997558594,121.690002441406,120.360000610352,120.790000915527,1606700,120.58341217041
"2022-12-20",120.540000915527,122.059997558594,120.339996337891,120.419998168945,1181100,120.214042663574
"2022-12-21",121.160003662109,122.790000915527,120.169998168945,122.5,1615100,122.290489196777
"2022-12-22",121.809997558594,122.199996948242,120.26000213623,121.419998168945,1335300,121.212333679199
"2022-12-23",121.019996643066,121.930000305176,120.580001831055,121.51000213623,844700,121.302185058594
"2022-12-27",121.319999694824,121.370002746582,120.339996337891,120.819999694824,823500,120.61336517334
"2022-12-28",120.900001525879,121.370002746582,119.470001220703,119.540000915527,898300,119.335548400879
"2022-12-29",120.120002746582,122.900001525879,119.419998168945,122.190002441406,1222800,121.981018066406
"2022-12-30",121.779998779297,122.330001831055,120.790000915527,122.180000305176,1164400,121.971038818359
"2023-01-03",123.589996337891,124.699996948242,122.319999694824,122.800003051758,1677800,122.589981079102
"2023-01-04",123.400001525879,126.199996948242,123.400001525879,125.01000213623,1498100,124.796195983887
"2023-01-05",124.559997558594,125.330001831055,124.040000915527,124.680000305176,929600,124.466758728027
"2023-01-06",125.169998168945,125.849998474121,123.01000213623,123.889999389648,2781900,123.678108215332
"2023-01-09",123.889999389648,126.019996643066,123.419998168945,124.169998168945,1685700,123.957633972168
"2023-01-10",124.180000305176,124.870002746582,122.300003051758,124.019996643066,1819600,123.807884216309
"2023-01-11",124.930000305176,127.379997253418,123.669998168945,126.110000610352,2745400,125.894317626953
"2023-01-12",125.809997558594,126.5,123.620002746582,126.419998168945,1999500,126.20378112793
"2023-01-13",126.230003356934,126.790000915527,124.849998474121,125.459999084473,1469500,125.245422363281
"2023-01-17",124.650001525879,125.129997253418,123.319999694824,123.699996948242,1999300,123.488433837891
"2023-01-18",123.769996643066,124.650001525879,122.529998779297,123.709999084473,1831000,123.498420715332
"2023-01-19",123.709999084473,124.139999389648,122.769996643066,123.720001220703,1723200,123.508399963379
"2023-01-20",124.430000305176,126.199996948242,123.769996643066,125.98999786377,2729800,125.774520874023
"2023-01-23",125.790000915527,127.529998779297,125.319999694824,127.410003662109,2105600,127.192092895508
"2023-01-24",127.709999084473,128.070007324219,126.370002746582,127.48999786377,1301800,127.271949768066
"2023-01-25",126.589996337891,127.650001525879,126.269996643066,127.559997558594,1099800,127.341835021973
"2023-01-26",128.309997558594,129.449996948242,128.190002441406,129.139999389648,1196100,128.919128417969
"2023-01-27",129.139999389648,130.570007324219,128.789993286133,128.869995117188,1786200,128.64958190918
"2023-01-30",128.919998168945,129.470001220703,128.110000610352,128.990005493164,2446900,128.769393920898
"2023-01-31",129.190002441406,129.990005493164,128.380004882812,128.679992675781,3067700,128.459915161133
"2023-02-01",116.779998779297,117.220001220703,112.580001831055,116.76000213623,14492300,116.56031036377
"2023-02-02",117.5,117.519996643066,114.099998474121,115.98999786377,6355600,115.791618347168
"2023-02-03",115.150001525879,115.540000915527,113.779998779297,113.919998168945,4393500,113.725158691406
"2023-02-06",113.610000610352,113.610000610352,111.720001220703,112.190002441406,4208700,111.998123168945
"2023-02-07",112.129997253418,114.360000610352,111.800003051758,114.180000305176,4637500,113.984718322754
"2023-02-08",113.230003356934,114.089996337891,112.279998779297,112.699996948242,2159800,112.507247924805
"2023-02-09",113.459999084473,113.949996948242,111.389999389648,111.790000915527,3079000,111.598808288574
"2023-02-10",111.860000610352,112.900001525879,111.410003662109,111.800003051758,2904800,111.608795166016
"2023-02-13",111.470001220703,113.410003662109,111.470001220703,113.199996948242,2552800,113.006393432617
"2023-02-14",112.809997558594,112.900001525879,111.569999694824,112.25,2662600,112.05802154541
"2023-02-15",111.279998779297,113.360000610352,111.279998779297,113.339996337891,1602800,113.146148681641
"2023-02-16",111.900001525879,113.23999786377,111.620002746582,111.720001220703,2742100,111.528930664062
"2023-02-17",111.150001525879,112.470001220703,110.730003356934,112,3370500,111.808448791504
"2023-02-21",111.300003051758,112.23999786377,111.25,112.019996643066,2656400,111.828407287598
"2023-02-22",112.339996337891,112.339996337891,111.370002746582,111.73999786377,2270200,111.548889160156
"2023-02-23",112,112.099998474121,110.190002441406,110.720001220703,2459500,110.530639648438
"2023-02-24",109.73999786377,110.269996643066,109.449996948242,109.769996643066,1997000,109.582260131836
"2023-02-27",110.430000305176,111.180000305176,110.26000213623,111.089996337891,2300100,110.900001525879
"2023-02-28",110.680000305176,111.23999786377,110.470001220703,110.940002441406,2900400,110.940002441406
"2023-03-01",110.980003356934,111.029998779297,109.730003356934,110.410003662109,2012700,110.410003662109
"2023-03-02",110.410003662109,112.660003662109,110.400001525879,112.290000915527,2349200,112.290000915527
"2023-03-03",112.769996643066,113.199996948242,112.050003051758,113.150001525879,1600400,113.150001525879
"2023-03-06",112.98999786377,114.389999389648,112.660003662109,113.190002441406,1860100,113.190002441406
"2023-03-07",113.190002441406,113.629997253418,111.599998474121,112.139999389648,1871700,112.139999389648
"2023-03-08",112.26000213623,112.519996643066,111.790000915527,112.279998779297,1205200,112.279998779297
"2023-03-09",112.169998168945,112.790000915527,110.309997558594,110.459999084473,2344700,110.459999084473
"2023-03-10",110.599998474121,111.889999389648,108.919998168945,109.190002441406,2898200,109.190002441406
"2023-03-13",109.529998779297,110.970001220703,108.529998779297,110.069999694824,2662500,110.069999694824
"2023-03-14",110.76000213623,112.059997558594,110.209999084473,111.480003356934,2144400,111.480003356934
"2023-03-15",111.389999389648,112.029998779297,110.720001220703,111.379997253418,2803200,111.379997253418
"2023-03-16",111.389999389648,113.790000915527,111.389999389648,113.529998779297,2110500,113.529998779297
"2023-03-17",113.650001525879,114.01000213623,112.980003356934,113.349998474121,3077500,113.349998474121
"2023-03-20",113.01000213623,114.279998779297,113.01000213623,113.519996643066,1725700,113.519996643066
"2023-03-21",113.110000610352,115.150001525879,113.110000610352,114.940002441406,2428900,114.940002441406
"2023-03-22",114.290000915527,115.099998474121,113.139999389648,113.160003662109,2266900,113.160003662109
"2023-03-23",113.790000915527,116.599998474121,113.669998168945,116.040000915527,2436200,116.040000915527
"2023-03-24",118.080001831055,119.209999084473,117.610000610352,119.029998779297,2527300,119.029998779297
"2023-03-27",118.900001525879,119.400001525879,118.139999389648,118.639999389648,2276500,118.639999389648
"2023-03-28",118.089996337891,118.440002441406,117.360000610352,118.019996643066,1551100,118.019996643066
"2023-03-29",118.080001831055,119.330001831055,118.080001831055,119.190002441406,1522800,119.190002441406
"2023-03-30",120,120.050003051758,118.839996337891,119.099998474121,1979500,119.099998474121
"2023-03-31",119.379997253418,120.529998779297,118.970001220703,120.449996948242,2346200,120.449996948242
"2023-04-03",120.139999389648,121.650001525879,119.599998474121,121.349998474121,1946400,121.349998474121
"2023-04-04",121.430000305176,125.470001220703,121.230003356934,125.23999786377,3303700,125.23999786377
"2023-04-05",125.23999786377,126.269996643066,124.839996337891,126.150001525879,2564700,126.150001525879
"2023-04-06",125.800003051758,126.050003051758,124.75,125.160003662109,1991000,125.160003662109
